{
  "dev": {
    "clientId": "example-client",
    "realm": "example-realm",
    "address": "http://localhost:8180",
    "redirectUrl": "http://localhost/callback",
    "Security": {
      "Auth": {
        "keycloak": {
          "Type": "OAuth2",
          "Grant Type": "Authorization Code",
          "Client ID": "{{clientId}}",
          "Redirect URL": "{{redirectUrl}}",
          "Token URL": "http://localhost:8180/realms/{{realm}}/protocol/openid-connect/token",
          "Auth URL": "http://localhost:8180/realms/{{realm}}/protocol/openid-connect/auth",
          "Acquire Automatically": true,
          "Scope": "email profile openid"
        }
      }
    }
  }
}